Workbook

Sheet Dataset
A1: Region | B1: Total_Loans | C1: Total_Disbursed | D1: Total_Repaid | E1: Repayment_Percent | F1: Defaults | G1: Default_Rate | H1: Top_Gender | I1: Avg_Loan_Size
A2: Dhaka | B2: 3 | C2: 125000 | D2: 45000 | E2: =IF(C2=0,0,D2/C2*100) -> 36 | F2: 0 | G2: =IF(B2=0,0,F2/B2*100) -> 0 | H2: Female | I2: 41666.667
A3: Chittagong | B3: 1 | C3: 30000 | D3: 30000 | E3: =IF(C3=0,0,D3/C3*100) -> 100 | F3: 0 | G3: =IF(B3=0,0,F3/B3*100) -> 0 | H3: Male | I3: 30000
A4: Khulna | B4: 1 | C4: 20000 | D4: 5000 | E4: =IF(C4=0,0,D4/C4*100) -> 25 | F4: 0 | G4: =IF(B4=0,0,F4/B4*100) -> 0 | H4: Female | I4: 20000
A5: Rajshahi | B5: 1 | C5: 40000 | D5: 5000 | E5: =IF(C5=0,0,D5/C5*100) -> 12.5 | F5: 1 | G5: =IF(B5=0,0,F5/B5*100) -> 100 | H5: Male | I5: 40000
A6: Sylhet | B6: 1 | C6: 35000 | D6: 10000 | E6: =IF(C6=0,0,D6/C6*100) -> 28.571429 | F6: 0 | G6: =IF(B6=0,0,F6/B6*100) -> 0 | H6: Female | I6: 35000

Sheet Monthly_Trend
A1: Month | B1: Disbursed | C1: Repaid | D1: Repayment_Percent
A2: 2023-01 | B2: 40000 | C2: 15000 | D2: =IF(B2=0,0,C2/B2*100) -> 37.5
A3: 2023-02 | B3: 35000 | C3: 12000 | D3: =IF(B3=0,0,C3/B3*100) -> 34.285714
A4: 2023-03 | B4: 45000 | C4: 25000 | D4: =IF(B4=0,0,C4/B4*100) -> 55.555556
A5: 2023-04 | B5: 30000 | C5: 14000 | D5: =IF(B5=0,0,C5/B5*100) -> 46.666667
A6: 2023-05 | B6: 25000 | C6: 12000 | D6: =IF(B6=0,0,C6/B6*100) -> 48
A7: 2023-06 | B7: 155000 | C7: 18000 | D7: =IF(B7=0,0,C7/B7*100) -> 11.612903

Sheet Gender_Breakdown
A1: Gender | B1: Total_Loans | C1: Total_Disbursed | D1: Total_Repaid
A2: Female | B2: 4 | C2: 195000 | D2: 65000
A3: Male | B3: 2 | C3: 50000 | D3: 30000

Sheet KPIs
A1: KPI | B1: Value | C1: Formula/Note
A2: Total Loans | B2: =SUM(Dataset!B2:B6) -> 7 | C2: Sum of Total_Loans
A3: Total Amount Disbursed | B3: =SUM(Dataset!C2:C6) -> 250000 | C3: Sum of Total_Disbursed
A4: Total Amount Repaid | B4: =SUM(Dataset!D2:D6) -> 95000 | C4: Sum of Total_Repaid
A5: Average Repayment % | B5: =AVERAGE(Dataset!E2:E6) -> 40.414286 | C5: Average of regional repayment %
A6: Overall Default Rate (%) | B6: =SUM(Dataset!F2:F6)/SUM(Dataset!B2:B6)*100 -> 14.285714 | C6: Weighted default rate
A7: Average Loan Size | B7: =IF(SUM(Dataset!B2:B6)=0,0,SUM(Dataset!C2:C6)/SUM(Dataset!B2:B6)) -> 35714.286 | C7: Total disbursed / total loans

Sheet Visualizations

Sheet Dashboard
B2: Microfinance Analysis Dashboard
B58: Prepared by: Your Name | Tools: MySQL (simulated) & Excel
